sex,cpr,new_refs,pop_at_risk,incidence,incidence_1000_peopleyears
F,0,555,431699,0.0012856179884595516,1.2856179884595516
F,1,12,3114,0.0038535645472061657,3.8535645472061657
M,0,1942,454145,0.004276167303394291,4.27616730339429
M,1,55,4467,0.012312513991493173,12.312513991493173
