sex,cpr,new_refs,pop_at_risk,incidence,incidence_1000_peopleyears
F,0,2610,431699,0.006045879188971945,6.045879188971945
F,1,16,3544,0.004514672686230248,4.514672686230248
M,0,1309,454145,0.002882339340959385,2.882339340959385
M,1,9,2963,0.0030374620317246033,3.0374620317246035
