sex,cpr,new_refs,pop_at_risk,incidence,incidence_1000_peopleyears
F,0,7155,431699,0.016574048121492057,16.57404812149206
F,1,100,4073,0.024551927326295114,24.551927326295115
M,0,6551,454145,0.014424908344251286,14.424908344251286
M,1,130,4467,0.02910230579807477,29.10230579807477
