sex,cpr,new_refs,pop_at_risk,incidence,incidence_1000_peopleyears
F,0,5387,431699,0.012478601988885774,12.478601988885774
F,1,60,4073,0.014731156395777068,14.731156395777068
M,0,6487,454145,0.014283984190071453,14.283984190071452
M,1,142,4467,0.03178867248712783,31.78867248712783
